tau,variable,coef,se,pvalue,pseudo_r2
0.1,const,-7.355592484256595e-08,2.744817227770646e-08,0.00736636522065659,-1.7796609688369713e-05
0.1,ins_sis,1.047769018395522e-09,1.0594050181251027e-08,0.9212163606728374,-1.7796609688369713e-05
0.1,ins_essalud,7.358145583777294e-08,5.999506500763158e-08,0.22002619322726824,-1.7796609688369713e-05
0.1,q2,4.793086130391295e-08,5.362458615329541e-09,0.0,-1.7796609688369713e-05
0.1,q3,1.0198640402507695e-07,8.689202435109967e-09,0.0,-1.7796609688369713e-05
0.1,q4,2.031501326759848e-07,1.5072856152452774e-08,0.0,-1.7796609688369713e-05
0.1,q5,3.058468686538451e-07,2.7674448829728326e-08,0.0,-1.7796609688369713e-05
0.1,ins_sis_x_q2,-1.8391392576131202e-08,1.3675999739711599e-08,0.1786920003146677,-1.7796609688369713e-05
0.1,ins_sis_x_q3,-5.099873891758077e-08,1.4594757331404297e-08,0.00047527262693747296,-1.7796609688369713e-05
0.1,ins_sis_x_q4,-9.355997531774505e-08,1.896288558874319e-08,8.062562433241993e-07,-1.7796609688369713e-05
0.1,ins_sis_x_q5,-1.3684856426613848e-07,3.304722054279045e-08,3.457938657591697e-05,-1.7796609688369713e-05
0.1,ins_essalud_x_q2,-1.3011233120295249e-07,8.84829428110825e-08,0.14143200203643702,-1.7796609688369713e-05
0.1,ins_essalud_x_q3,-2.3466549948650505e-07,7.289575475877057e-08,0.0012855195481660253,-1.7796609688369713e-05
0.1,ins_essalud_x_q4,-2.4437200165604175e-07,6.17520952563085e-08,7.579947205726967e-05,-1.7796609688369713e-05
0.1,ins_essalud_x_q5,-2.5036656695299637e-07,6.87300314694905e-08,0.0002697370547701805,-1.7796609688369713e-05
0.1,age_head,3.643847562495189e-09,8.824606553543704e-10,3.64043749641052e-05,-1.7796609688369713e-05
0.1,age_head_sq,-3.1558044241646897e-11,8.045935920461411e-12,8.773168871645254e-05,-1.7796609688369713e-05
0.1,female_head,2.1499613997887427e-08,5.241622974157202e-09,4.10109207751308e-05,-1.7796609688369713e-05
0.1,educ_years,-1.9379244795267195e-09,5.697611818747587e-10,0.0006706800412821234,-1.7796609688369713e-05
0.1,hh_size,4.078139540154863e-08,2.472392482053753e-09,0.0,-1.7796609688369713e-05
0.1,children_u5,-1.4992485819534084e-08,7.312823562974055e-09,0.04034845356582384,-1.7796609688369713e-05
0.1,elderly_65,6.544881802370063e-09,4.851544159075326e-09,0.17732711940480916,-1.7796609688369713e-05
0.1,rural,-7.732528232287086e-08,6.538494157986694e-09,0.0,-1.7796609688369713e-05
0.1,hospitalized,2.2178618725723812e-20,8.00003788577453e-19,0.977882966054415,-1.7796609688369713e-05
0.1,chronic_any,4.121032703037777e-08,6.675510548440265e-09,6.685392239802468e-10,-1.7796609688369713e-05
0.1,dept_11,1.0277221672251028e-06,4.962657599213554e-07,0.038367124168524835,-1.7796609688369713e-05
0.1,dept_12,4.129139503991957e-08,1.5099616110436496e-08,0.0062456311810894505,-1.7796609688369713e-05
0.1,dept_13,5.649164380694841e-09,1.6692791178706123e-08,0.735047156347878,-1.7796609688369713e-05
0.1,dept_14,-7.097988075327183e-08,1.7012370827656476e-08,3.0160515620325512e-05,-1.7796609688369713e-05
0.1,dept_15,-5.9270449622270255e-08,1.2392612226745577e-08,1.729351068568974e-06,-1.7796609688369713e-05
0.1,dept_16,-7.213907065655268e-08,1.4918544978441357e-08,1.3279139572386356e-06,-1.7796609688369713e-05
0.1,dept_17,-1.8568782624656056e-07,1.8681998381135006e-08,0.0,-1.7796609688369713e-05
0.1,dept_18,-1.169883389873065e-07,1.4438004303788657e-08,4.440892098500626e-16,-1.7796609688369713e-05
0.1,dept_19,2.3068643707678592e-08,1.613123105079163e-08,0.15269952473614978,-1.7796609688369713e-05
0.1,dept_20,7.695250359777758e-09,1.4656597393429022e-08,0.599557734011616,-1.7796609688369713e-05
0.1,dept_21,2.9337920932352374e-08,1.2710929808654711e-08,0.020994345848853957,-1.7796609688369713e-05
0.1,dept_22,-3.931306557053139e-08,1.3721804207161554e-08,0.004169999795659907,-1.7796609688369713e-05
0.1,dept_23,-8.577253497413879e-08,1.3276548865564582e-08,1.043891639795902e-10,-1.7796609688369713e-05
0.1,dept_24,-8.782265540018413e-08,1.9904211902240568e-08,1.0229485012169803e-05,-1.7796609688369713e-05
0.1,dept_25,1.9277329775150165e-07,3.539695171622583e-08,5.1502881959208935e-08,-1.7796609688369713e-05
0.1,dept_30,-5.373730445339679e-08,1.3470435321046232e-08,6.627485424104407e-05,-1.7796609688369713e-05
0.1,dept_40,-4.4224777544261456e-08,1.4307783420574785e-08,0.001995109169208309,-1.7796609688369713e-05
0.1,dept_50,-1.0292522811660254e-08,1.3546550053013351e-08,0.4473805826223929,-1.7796609688369713e-05
0.1,dept_51,-3.9426023055607835e-08,2.2213366348454312e-08,0.07591797546058765,-1.7796609688369713e-05
0.1,dept_60,2.5897193538286217e-08,1.4120463054187509e-08,0.06665121578865119,-1.7796609688369713e-05
0.1,dept_61,1.7131113568677151e-09,2.4051111038130403e-08,0.9432163362807864,-1.7796609688369713e-05
0.1,dept_70,-5.128057736357098e-08,1.8648753982604664e-08,0.0059629368959666085,-1.7796609688369713e-05
0.1,dept_80,-8.656358602696615e-08,1.6136188099163398e-08,8.114575811291047e-08,-1.7796609688369713e-05
0.1,dept_81,-4.7446340352450544e-08,2.5577847461100235e-08,0.06359939045602414,-1.7796609688369713e-05
0.1,dept_90,-8.034534691144039e-08,1.4106394964765791e-08,1.2288957851325222e-08,-1.7796609688369713e-05
0.25,const,-3.507435683936512e-07,9.680888077912211e-08,0.0002911477363085613,0.002110438407364912
0.25,ins_sis,9.144587646779503e-09,2.8530489475281544e-08,0.7485743001929452,0.002110438407364912
0.25,ins_essalud,2.60029902198457e-07,0.00025207406334282044,0.9991769331411422,0.002110438407364912
0.25,q2,1.2496098778024796e-07,1.700238040733156e-08,1.9872992140790302e-13,0.002110438407364912
0.25,q3,2.8979556517568874e-07,2.8097260603664404e-08,0.0,0.002110438407364912
0.25,q4,7.239182838804478e-06,1.9304434293599913e-05,0.7076596969680145,0.002110438407364912
0.25,q5,0.0010462141784970927,0.0002820753207121659,0.00020808870926991574,0.002110438407364912
0.25,ins_sis_x_q2,-4.641648601954666e-08,3.734370791974123e-08,0.21388503276419524,0.002110438407364912
0.25,ins_sis_x_q3,-1.692538124479676e-07,4.262129083074157e-08,7.153868993103885e-05,0.002110438407364912
0.25,ins_sis_x_q4,-6.934497261995069e-06,1.930156873381989e-05,0.7193922364512453,0.002110438407364912
0.25,ins_sis_x_q5,-0.0010456969233035164,0.0002820628681038515,0.0002094653377544553,0.002110438407364912
0.25,ins_essalud_x_q2,-4.197419453731195e-07,0.00025208884675212683,0.9986714784596771,0.002110438407364912
0.25,ins_essalud_x_q3,-7.700044268748374e-07,0.0002520837639317512,0.9975628192828188,0.002110438407364912
0.25,ins_essalud_x_q4,-7.424527924090331e-06,0.0002526285865786524,0.9765542624228851,0.002110438407364912
0.25,ins_essalud_x_q5,-0.0010460948164835169,0.00036828984904729997,0.004505533660981387,0.002110438407364912
0.25,age_head,1.3188084956500823e-08,2.881739346412349e-09,4.7297272627311315e-06,0.002110438407364912
0.25,age_head_sq,-1.0546068597534607e-10,2.5522808841829912e-11,3.5959345323188785e-05,0.002110438407364912
0.25,female_head,8.035223768011768e-08,1.748807616204574e-08,4.333991389104952e-06,0.002110438407364912
0.25,educ_years,-6.740400112027739e-09,2.0256689418973256e-09,0.0008763105292921569,0.002110438407364912
0.25,hh_size,1.5223842190633503e-07,1.2964077111640345e-08,0.0,0.002110438407364912
0.25,children_u5,-3.610562601656236e-08,2.733225748375864e-08,0.18650485469098266,0.002110438407364912
0.25,elderly_65,1.6891573841792046e-08,1.6073493340334274e-08,0.2933062438684244,0.002110438407364912
0.25,rural,-2.6462261488008666e-07,2.4032191327280522e-08,0.0,0.002110438407364912
0.25,hospitalized,8.607508123799594e-15,4.590320362164838e-13,0.9850393984583605,0.002110438407364912
0.25,chronic_any,1.372524209428561e-07,2.2721747652287836e-08,1.5356598215277018e-09,0.002110438407364912
0.25,dept_11,0.004116061163421951,0.0004620824177537011,0.0,0.002110438407364912
0.25,dept_12,1.571234326166604e-07,5.372521021802352e-08,0.003449264144290698,0.002110438407364912
0.25,dept_13,3.598800321760928e-08,5.757949369189578e-08,0.5319617152128808,0.002110438407364912
0.25,dept_14,-2.1279778028723223e-07,6.09214117113484e-08,0.00047764737867561635,0.002110438407364912
0.25,dept_15,-1.8909299622915663e-07,4.3042349000342524e-08,1.1170206331012622e-05,0.002110438407364912
0.25,dept_16,-2.461969133989742e-07,5.0868742122633444e-08,1.2993932574367761e-06,0.002110438407364912
0.25,dept_17,-7.351208260765132e-07,1.0985485858102012e-07,2.2052359938129484e-11,0.002110438407364912
0.25,dept_18,-3.532149368058511e-07,4.956063171913758e-08,1.0262901639634947e-12,0.002110438407364912
0.25,dept_19,7.800406600530459e-08,5.341575295459042e-08,0.14420228339781138,0.002110438407364912
0.25,dept_20,5.1647898867633014e-08,5.195231382614817e-08,0.32015447401569475,0.002110438407364912
0.25,dept_21,9.77816571973024e-08,4.208709660874861e-08,0.02016214177187914,0.002110438407364912
0.25,dept_22,-1.2887984675554015e-07,4.5659494102284156e-08,0.004763154287804827,0.002110438407364912
0.25,dept_23,-2.706627819304655e-07,4.377025537225043e-08,6.261038354438142e-10,0.002110438407364912
0.25,dept_24,-2.8033626251579333e-07,6.74829152572127e-08,3.2645431144340264e-05,0.002110438407364912
0.25,dept_25,0.0009169480046336201,0.0005329387232270984,0.08533241627844035,0.002110438407364912
0.25,dept_30,-1.5993389287812495e-07,4.077417415166037e-08,8.765992870940487e-05,0.002110438407364912
0.25,dept_40,-1.480079154066307e-07,4.758209820559029e-08,0.0018672041105156634,0.002110438407364912
0.25,dept_50,-3.2961509356177004e-08,4.289340193325732e-08,0.4422188514895553,0.002110438407364912
0.25,dept_51,-1.1397490746563987e-07,6.482742504812453e-08,0.07872574219202244,0.002110438407364912
0.25,dept_60,7.554458502051936e-08,4.540250415337138e-08,0.09613523972430782,0.002110438407364912
0.25,dept_61,8.94657048662184e-09,7.508552966764967e-08,0.9051551508643818,0.002110438407364912
0.25,dept_70,-1.76593732355208e-07,6.408440431156408e-08,0.005857691455604996,0.002110438407364912
0.25,dept_80,-2.708523208656219e-07,5.4079385415125015e-08,5.487843790508151e-07,0.002110438407364912
0.25,dept_81,-1.5251520572686408e-07,8.15124832831569e-08,0.06133598506421545,0.002110438407364912
0.25,dept_90,-2.4768808152413434e-07,4.233544371247224e-08,4.897795946590122e-09,0.002110438407364912
0.5,const,-0.002011657659334161,0.00036754241475914456,4.4181441616331085e-08,0.025181123861475974
0.5,ins_sis,-1.4470260906464878e-05,0.00010953147594095526,0.8948968702999827,0.025181123861475974
0.5,ins_essalud,0.0005197691587571234,0.0005651436833448313,0.35772352845296695,0.025181123861475974
0.5,q2,0.0006286850042453147,0.00012494081919995026,4.857379822809094e-07,0.025181123861475974
0.5,q3,0.002233348299389779,0.0002649286313093194,0.0,0.025181123861475974
0.5,q4,0.004613686530379736,0.0004223919318617997,0.0,0.025181123861475974
0.5,q5,0.0056512686153722975,0.0005643226370712172,0.0,0.025181123861475974
0.5,ins_sis_x_q2,-0.0002743584396736315,0.00017972514530866274,0.12687430635160202,0.025181123861475974
0.5,ins_sis_x_q3,-0.0010296414420140412,0.0003348464809387403,0.0021052676709616414,0.025181123861475974
0.5,ins_sis_x_q4,-0.0022127027837004994,0.00047503747682132503,3.1936732514115107e-06,0.025181123861475974
0.5,ins_sis_x_q5,-0.0017154546446451141,0.0007451703579167421,0.021329687502937844,0.025181123861475974
0.5,ins_essalud_x_q2,-0.0008154517942039901,0.0014359653344631796,0.5701184393706265,0.025181123861475974
0.5,ins_essalud_x_q3,-0.0036240831112462598,0.001360435072245835,0.007723712423867157,0.025181123861475974
0.5,ins_essalud_x_q4,-0.004624558485449744,0.0007283387492612653,2.1607071687412827e-10,0.025181123861475974
0.5,ins_essalud_x_q5,-0.004669415856318228,0.0009680782793612242,1.4114098478845705e-06,0.025181123861475974
0.5,age_head,7.269967712283786e-05,1.0697100727806171e-05,1.0741185718643464e-11,0.025181123861475974
0.5,age_head_sq,-5.843740698936757e-07,9.254207992531461e-08,2.707125634771046e-10,0.025181123861475974
0.5,female_head,0.00020715004942427557,8.043936275210172e-05,0.01001727677767228,0.025181123861475974
0.5,educ_years,-1.7258742597616608e-05,9.22935572586412e-06,0.06148611408943938,0.025181123861475974
0.5,hh_size,0.000495447733738834,5.669677372365992e-05,0.0,0.025181123861475974
0.5,children_u5,0.00022541630978615575,0.00017687906345099818,0.20251842544853815,0.025181123861475974
0.5,elderly_65,0.00013490950049709137,8.399322515528947e-05,0.10823106580847908,0.025181123861475974
0.5,rural,-0.0009151442106722079,0.0001326425357951841,5.224931598490912e-12,0.025181123861475974
0.5,hospitalized,-1.1003553784598734e-16,5.197842612216595e-15,0.9831104736658449,0.025181123861475974
0.5,chronic_any,0.0007464592643694117,0.00015276578225511023,1.0274920505537466e-06,0.025181123861475974
0.5,dept_11,0.01077090399063001,0.0007803643299922408,0.0,0.025181123861475974
0.5,dept_12,0.0011271240902528696,0.0004991591798557485,0.023942829082250316,0.025181123861475974
0.5,dept_13,0.0014321035958239064,0.0006365201226368317,0.024455596012260772,0.025181123861475974
0.5,dept_14,0.0010895058094303185,0.0009531431907955581,0.25301108714989007,0.025181123861475974
0.5,dept_15,-6.0566794742618574e-05,0.00018327097695960528,0.7410397661480332,0.025181123861475974
0.5,dept_16,-0.0010943209945976648,0.00018552918585036822,3.670955095458339e-09,0.025181123861475974
0.5,dept_17,-0.0017950925495608771,0.0002727129004998494,4.630607008948573e-11,0.025181123861475974
0.5,dept_18,-0.0010914886357453273,0.00021526269606030667,3.967802904014661e-07,0.025181123861475974
0.5,dept_19,0.00039838308180962156,0.00028077470837187355,0.1559366381955154,0.025181123861475974
0.5,dept_20,0.00036275370454119877,0.00034365270148183937,0.2911590969570561,0.025181123861475974
0.5,dept_21,0.00017633713213203767,0.00021142684604988972,0.40426194732518383,0.025181123861475974
0.5,dept_22,-0.0001323747832952404,0.00019957920413499807,0.5071580169645096,0.025181123861475974
0.5,dept_23,-0.000821321714162491,0.00018822189253534018,1.279497879513869e-05,0.025181123861475974
0.5,dept_24,-0.000641764869510512,0.0003333839594633038,0.05422907772271346,0.025181123861475974
0.5,dept_25,0.002683539529937169,0.00044008854874202447,1.0758773871799576e-09,0.025181123861475974
0.5,dept_30,-0.0003045598932496916,0.0001296816910940042,0.018848246223922338,0.025181123861475974
0.5,dept_40,-0.0004931950249778346,0.00018801321411029295,0.00871098054555186,0.025181123861475974
0.5,dept_50,-0.00013527850129958741,0.0001384532153630966,0.3285344336955287,0.025181123861475974
0.5,dept_51,-0.00021657535762441196,0.0002165126975582981,0.31717047258743514,0.025181123861475974
0.5,dept_60,0.0002798974203397556,0.0004324925665464457,0.5175201204922981,0.025181123861475974
0.5,dept_61,-4.025765159985841e-05,0.0001926553250223517,0.8344778645426305,0.025181123861475974
0.5,dept_70,-0.00037367101510971644,0.0006370323387773113,0.557485200355168,0.025181123861475974
0.5,dept_80,-0.0005005385912770108,0.00017701626921227224,0.004689225182912038,0.025181123861475974
0.5,dept_81,-0.0003335499335085114,0.00024431221381295936,0.17217103697607072,0.025181123861475974
0.5,dept_90,-0.0005301115706602533,0.00014603992369245452,0.00028352162826728033,0.025181123861475974
0.75,const,-0.0026246465086648676,0.0018748061780814909,0.16152643885147322,0.03509059974721329
0.75,ins_sis,0.0013175517273959737,0.0010153379784299673,0.19440817421588852,0.03509059974721329
0.75,ins_essalud,0.00023068848065124168,0.31272800901134484,0.9994114286054656,0.03509059974721329
0.75,q2,0.0051860609084639995,0.0006882092688080742,4.8627768478581856e-14,0.03509059974721329
0.75,q3,0.008521102913743289,0.0008149589049359519,0.0,0.03509059974721329
0.75,q4,0.012817037165671188,0.0010711432250015667,0.0,0.03509059974721329
0.75,q5,0.018845476544851903,0.001991945456666921,0.0,0.03509059974721329
0.75,ins_sis_x_q2,-0.003188649056296033,0.0015790875089980298,0.04345620252201532,0.03509059974721329
0.75,ins_sis_x_q3,-0.003577565382997918,0.0015073756763612051,0.017626432927638325,0.03509059974721329
0.75,ins_sis_x_q4,-0.006485743934088945,0.0015408837139529192,2.5638232452385168e-05,0.03509059974721329
0.75,ins_sis_x_q5,-0.005676921470859882,0.002572646580008057,0.027338768364180366,0.03509059974721329
0.75,ins_essalud_x_q2,-0.007591548865761809,0.3117895568104354,0.9805747785211156,0.03509059974721329
0.75,ins_essalud_x_q3,-0.0038691148687111177,0.3125809744656691,0.9901240688320134,0.03509059974721329
0.75,ins_essalud_x_q4,-0.012829901297778827,0.312530194683621,0.9672546658904781,0.03509059974721329
0.75,ins_essalud_x_q5,-0.008133940627141942,0.3127134917796432,0.9792486922395578,0.03509059974721329
0.75,age_head,0.00033467270213804724,6.39685079652422e-05,1.6783520306873356e-07,0.03509059974721329
0.75,age_head_sq,-2.8741620385482256e-06,6.537892812788377e-07,1.1018292217945813e-05,0.03509059974721329
0.75,female_head,0.0003286644919536265,0.00037661200149225724,0.38283356903193644,0.03509059974721329
0.75,educ_years,-2.248827473640722e-05,3.999661500309494e-05,0.573942668507212,0.03509059974721329
0.75,hh_size,0.0006083563898619502,0.0001616722938797806,0.00016795555591819777,0.03509059974721329
0.75,children_u5,0.0018985203854775057,0.0005028940590497826,0.00015988605205530249,0.03509059974721329
0.75,elderly_65,0.003286475936724504,0.0006727730060267831,1.0344461438549502e-06,0.03509059974721329
0.75,rural,-0.00289877092259113,0.0005309713753603249,4.778183093634425e-08,0.03509059974721329
0.75,hospitalized,1.5533892688697488e-13,3.8625846056226716e-11,0.9967912108079826,0.03509059974721329
0.75,chronic_any,0.006067525197041661,0.0010378338765025662,5.025195592978093e-09,0.03509059974721329
0.75,dept_11,0.015282840371294466,0.0017968181669079288,0.0,0.03509059974721329
0.75,dept_12,0.004049629420642209,0.0016204855194886434,0.012453648044449261,0.03509059974721329
0.75,dept_13,0.006635132980322718,0.0018827843661954548,0.0004249131208906576,0.03509059974721329
0.75,dept_14,0.0151308349710455,0.003134011589383556,1.3794931343902306e-06,0.03509059974721329
0.75,dept_15,0.0027885281105439596,0.00125472651682262,0.02625499926447228,0.03509059974721329
0.75,dept_16,-0.005570722142364404,0.0009717175325621299,9.875020134941792e-09,0.03509059974721329
0.75,dept_17,-0.008528990250065722,0.0010975648403040354,7.771561172376096e-15,0.03509059974721329
0.75,dept_18,-0.006940801773795568,0.0009755709316599895,1.1224354778960333e-12,0.03509059974721329
0.75,dept_19,0.0026193942512828215,0.0017730121054780567,0.13957658046523158,0.03509059974721329
0.75,dept_20,0.00411860393777189,0.001518494263251053,0.006681915860620835,0.03509059974721329
0.75,dept_21,0.0014475741770055908,0.0014544037279381466,0.31958832294955086,0.03509059974721329
0.75,dept_22,0.0014113989324533983,0.0016829262224528324,0.4016614559457907,0.03509059974721329
0.75,dept_23,-0.004830026840222952,0.0009792185297759488,8.117043086564024e-07,0.03509059974721329
0.75,dept_24,-0.0018563026091537047,0.0022367422161143334,0.40658767942805585,0.03509059974721329
0.75,dept_25,0.0009574328205308605,0.0013463721081846533,0.4770095612090459,0.03509059974721329
0.75,dept_30,-0.004678032983295989,0.0009262743940336289,4.40943724644427e-07,0.03509059974721329
0.75,dept_40,-0.001567233647701438,0.001559698891297207,0.3149782799387326,0.03509059974721329
0.75,dept_50,-0.0035185981273313793,0.0010824044422297996,0.0011511153678971375,0.03509059974721329
0.75,dept_51,-0.0049777334554349795,0.0012858755174608848,0.00010835198915337685,0.03509059974721329
0.75,dept_60,0.01164082772023348,0.0021320333804504903,4.762283500880926e-08,0.03509059974721329
0.75,dept_61,0.012039099999615659,0.009858505932600807,0.22201442979515207,0.03509059974721329
0.75,dept_70,0.0009389572155831111,0.001884712222490518,0.6183454807674478,0.03509059974721329
0.75,dept_80,-0.0047541573134546496,0.0009704339387678902,9.632491331235116e-07,0.03509059974721329
0.75,dept_81,-0.005059130915600077,0.0012138836464750283,3.0765734073234796e-05,0.03509059974721329
0.75,dept_90,-0.004977688467135786,0.0009598352699086544,2.1487952284182654e-07,0.03509059974721329
0.9,const,0.008378118457379125,0.007195034773689494,0.2442495641240523,0.042633208798347644
0.9,ins_sis,0.004689334184257522,0.005056757898479212,0.3537499999913529,0.042633208798347644
0.9,ins_essalud,0.9183088740530561,0.45510305049129884,0.04361165104952258,0.042633208798347644
0.9,q2,0.014435498978235924,0.002177420487025303,3.3652192144018045e-11,0.042633208798347644
0.9,q3,0.02631844809954296,0.0026022322849338555,0.0,0.042633208798347644
0.9,q4,0.030908380252187583,0.003689863531270919,0.0,0.042633208798347644
0.9,q5,0.05159534908618608,0.004802570757451103,0.0,0.042633208798347644
0.9,ins_sis_x_q2,-0.00694656370002817,0.006170779710198545,0.26028449702614287,0.042633208798347644
0.9,ins_sis_x_q3,-0.014703598715278075,0.005941462462688756,0.013333170074684597,0.042633208798347644
0.9,ins_sis_x_q4,-0.010681298283787596,0.006253969546977143,0.08765063522962713,0.042633208798347644
0.9,ins_sis_x_q5,-0.01937978195437262,0.007269798036590446,0.007680680475709689,0.042633208798347644
0.9,ins_essalud_x_q2,-0.8943861979809223,0.4580326457265458,0.05085881640963685,0.042633208798347644
0.9,ins_essalud_x_q3,-0.9364116102560692,0.4557206047420747,0.03989898106052503,0.042633208798347644
0.9,ins_essalud_x_q4,-0.9299026710524354,0.4543539195623167,0.040692630147455944,0.042633208798347644
0.9,ins_essalud_x_q5,-0.9466536144864558,0.4546205758111353,0.03731564025371048,0.042633208798347644
0.9,age_head,0.0004353282137203331,0.0003061629260691849,0.15505988347427424,0.042633208798347644
0.9,age_head_sq,-1.3650440307788818e-06,3.327755368963759e-06,0.6816595101539455,0.042633208798347644
0.9,female_head,0.0010505207723024764,0.0012939606008329774,0.4168693439128528,0.042633208798347644
0.9,educ_years,-4.71602123903749e-05,0.00014343602672286924,0.7423150483531256,0.042633208798347644
0.9,hh_size,-0.0008399459392339336,0.00047633675477018125,0.07784235380478566,0.042633208798347644
0.9,children_u5,0.004507309934865311,0.0014611972082300315,0.0020377870498511363,0.042633208798347644
0.9,elderly_65,0.009600277198603669,0.002246445079127909,1.9239210008459295e-05,0.042633208798347644
0.9,rural,0.0014717988926779436,0.001699511493878351,0.38648308267171716,0.042633208798347644
0.9,hospitalized,-4.9868155981063385e-14,3.2882909859223146e-11,0.9987899788476249,0.042633208798347644
0.9,chronic_any,0.013375042816051005,0.0028046783154398566,1.8529608070139147e-06,0.042633208798347644
0.9,dept_11,0.012801741796401006,0.0037036154788154503,0.0005471323688082119,0.042633208798347644
0.9,dept_12,0.0013578626843560176,0.004107494961169051,0.7409604678290498,0.042633208798347644
0.9,dept_13,0.02147119632200778,0.006628961010805352,0.0011995010587337873,0.042633208798347644
0.9,dept_14,0.034602961434284124,0.006407830050206872,6.660153606397046e-08,0.042633208798347644
0.9,dept_15,0.004999392773966646,0.0036559926713546327,0.17148381983909755,0.042633208798347644
0.9,dept_16,-0.016595014914951717,0.0032251952696909086,2.6690941412610414e-07,0.042633208798347644
0.9,dept_17,-0.01971605736312107,0.004979754051568428,7.518764247782528e-05,0.042633208798347644
0.9,dept_18,-0.023185184041648932,0.0032532334614648003,1.0271783423831948e-12,0.042633208798347644
0.9,dept_19,-0.0011392390506961836,0.0037964521464544606,0.7641161964688725,0.042633208798347644
0.9,dept_20,0.011490198467770524,0.004763690930064695,0.01586367441730996,0.042633208798347644
0.9,dept_21,0.006820177708995179,0.003997676397298122,0.08800147681822135,0.042633208798347644
0.9,dept_22,0.008579291121628627,0.006588522594446316,0.19286270532882854,0.042633208798347644
0.9,dept_23,-0.011846784050651121,0.0037951967214273114,0.001799197719256851,0.042633208798347644
0.9,dept_24,0.009490877116794638,0.00895089931125265,0.2889960173348034,0.042633208798347644
0.9,dept_25,-0.003794519387569223,0.004487095190042261,0.39774711093585324,0.042633208798347644
0.9,dept_30,-0.014065819477079522,0.00399850551638656,0.0004351907204009908,0.042633208798347644
0.9,dept_40,0.00044363764943508577,0.004725800679528219,0.9252079303515375,0.042633208798347644
0.9,dept_50,-0.007187597132439855,0.0050207736555035335,0.1522664532678173,0.042633208798347644
0.9,dept_51,-0.014062296637152083,0.009937595586730057,0.15705082736653586,0.042633208798347644
0.9,dept_60,0.023774619810089076,0.0059722494602429425,6.866973107966245e-05,0.042633208798347644
0.9,dept_61,0.06078966226133395,0.02029626290683124,0.0027434046672218937,0.042633208798347644
0.9,dept_70,-0.0018482243914043905,0.004572974996231138,0.686093326577409,0.042633208798347644
0.9,dept_80,-0.011839681183659148,0.005249780862269509,0.024116292099569447,0.042633208798347644
0.9,dept_81,-0.017580960852121325,0.005362931418422979,0.0010445760823720729,0.042633208798347644
0.9,dept_90,-0.017336558912447203,0.0038518676660725046,6.769215257884653e-06,0.042633208798347644
